onset	duration	trial_type	relevant_rank	irrelevant_rank	Manhattan
17.9806136	2	F2	1.0	1.0	3
37.7284209	2	F2	4.0	4.0	4
60.8180387	2	F2	3.0	2.0	4
75.8996417	2	F2	4.0	2.0	5
90.6145664	2	F2	3.0	3.0	3
105.4634361	2	F2	4.0	1.0	5
121.8577749	2	F2	2.0	4.0	4
146.0559	2	F2	4.0	2.0	4
171.0378071	2	F2	2.0	1.0	4
192.4363307	2	F2	1.0	3.0	4
208.3187873	2	F2	3.0	2.0	2
230.6706325	2	F2	3.0	3.0	3
247.0870186	2	F2	2.0	3.0	2
262.6356465	2	F2	4.0	1.0	4
279.5191445	2	F2	1.0	2.0	5
298.0134295	2	F2	2.0	2.0	3
313.4031088	2	F2	2.0	3.0	3
332.7557836	2	F2	1.0	3.0	2
351.9099996	2	F2	3.0	3.0	3
367.4756903	2	F2	2.0	2.0	3