onset	duration	trial_type
67.0943138	1	blueCue
157.2815538	1	blueCue
218.2253146	1	blueCue
269.809851	1	blueCue
287.4974943	1	blueCue
321.812245	1	blueCue
