onset	duration	trial_type
44.6228146	1	redCue
63.4736425	1	redCue
122.2181983	1	redCue
229.4949348	1	redCue
245.6941916	1	redCue
262.2930553	1	redCue
343.8872581	1	redCue
